type,name,caption::English,caption::LANGUAGE,required,appearance,constraint,constraint_message::English,constraint_message::LANGUAGE,relevance,calculation,image::English,image::LANGUAGE,audio::English,audio::LANGUAGE,hint::English,hint::LANGUAGE,default
set form title,SmartVA_PNG_v1,,,,,,,,,,,,,,,,
set form id,SmartVA_PNG_v1,,,,,,,,,,,,,,,,
get start time,interviewstarttime,Start time of interview,,,,,,,,,,,,,,,
get today,interviewdate,Date of interview,,,,,,,,,,,,,,,
begin group,Generalmodule,General Module,,,,,,,,,,,,,,,
add note prompt,gen_1_1,"This instrument was developed by the Population Health Metrics Research Consortium.

Swipe to begin the General Information Module.",,,,,,,,,,,,,,,
add note prompt,gen_1_2,"Instructions to interviewer: Introduce yourself and explain the purpose of your visit. Ask to speak to the mother or to another adult who was the deceased's main caretaker during the illness that led to death. If this is not possible, arrange a time to revisit the household when the caretaker will be home. ",,,,,,,,,,,,,See example on next page.,,
add note prompt,gen_1_3,"My name is [your name]. I am your interviewer with (Organization Name). I have been informed that a death has occurred in your household. I am very sorry to hear that a member of your household has passed away. Please accept my sympathies. For the purpose of improving health care, we are collecting information on all recent deaths in this area. I would like to talk to the mother or main caretaker of the deceased and ask some questions about the events and any symptoms that the deceased had during her/his illness before death.",,,,,,,,,,,,,,,
add text prompt,sid,What is the VA ID number?,,yes,,string-length(.)<=12,Must be 12 digits or less,,,,,,,,,,
,,,,,,,,,,,,,,,,,
begin group,general2,Background Section,,,,,,,,,,,,,,,
add text prompt,gen_2_2,Interviewer Name?,,yes,,,,,,,,,,,,,
add text prompt,gen_2_2c,Interviewer Phone Number?,,yes,,,,,,,,,,,,,
add text prompt,gen_2_2d,Interviewer Cell?,,yes,,,,,,,,,,,,,
end group,,,,,,,,,,,,,,,,,
,,,,,,,,,,,,,,,,,
begin group,general3,Consent Section,,,,,,,,,,,,,,,
add note prompt,gen_3_b,"INTERVIEWER: Read the consent form to the respondent.  Ask the respondent if he or she has any questions. Once any questions are answered, ask the respondent if he or she is willing to take part in the study.",,,,,,,,,,,,,,,
add select one prompt using yesnoonly,gen_3_1,Did respondent give consent?,,yes,,,,,,,,,,,,,
,,,,,,,,,,,,,,,,,
begin group,qconsentCheck,No consent,,,,,,,"not(selected(${gen_3_1}, '1'))",,,,,,,,
add note prompt,gen_3_2,Thank the respondent for his/her time and end the interview.,,,,,,,"not(selected(${gen_3_1}, '1'))",,,,,,,,
end group,,,,,,,,,"not(selected(${gen_3_1}, '1'))",,,,,,,,
end group,,,,,,,,,"not(selected(${gen_3_1}, '1'))",,,,,,,,
end group,,,,,,,,,"not(selected(${gen_3_1}, '1'))",,,,,,,,
,,,,,,,,,,,,,,,,,
add note prompt,gen_5_a,Questions on the Deceased Section,,,,,,,"selected(${gen_3_1}, '1')",,,,,,,,
begin group,general5,Questions on the Deceased Section,,,,,,,"selected(${gen_3_1}, '1')",,,,,,,,
add text prompt,gen_5_0,What was the name of the deceased?,,yes,,,,,,,,,,,,,
add select one prompt using sex,gen_5_2,What was the sex of the deceased?,,yes,,,,,,,,,,,,,
,,,,,,,,,,,,,,,,,
begin group,birthDate,Birth Date,,,,,,,,,,,,,,,
add select one prompt using yesnoonly,gen_5_1e,Is the deceased Birth date known?,,yes,field-list,,,,,,,,,,,,
date,gen_5_1d,What date was the deceased born?,,yes,no-calendar,. <= today(),Requires a date that is before today,,"selected(${gen_5_1e}, '1')",,,,,,Please change the below to match the birth date,,1990-01-01
calculate,gen_5_1a,Birth Year,,,,,,,,"if(selected(${gen_5_1e}, '1'), substr(${gen_5_1d},0,4),'999')",,,,,,,
calculate,gen_5_1b,Birth Month,,,,,,,,"if(selected(${gen_5_1e}, '1'), substr(${gen_5_1d},5,7),'99')",,,,,,,
calculate,gen_5_1c,Birth Day,,,,,,,,"if(selected(${gen_5_1e}, '1'), substr(${gen_5_1d},8,10),'99')",,,,,,,
end group,,,,,,,,,,,,,,,,,
,,,,,,,,,,,,,,,,,
begin group,deathDate,Death Date,,,,,,,"selected(${gen_5_1e}, '1')",,,,,,,,
add select one prompt using yesnoonly,gen_5_3e,Is the date of death known?,,yes,field-list,,,,,,,,,,,,
date,gen_5_3d,What date did the deceased die?,,yes,no-calendar,${gen_5_1d} <= . and . <= today(),Date bust be between the deceased Birth date and today,,"selected(${gen_5_3e}, '1')",,,,,,Please change the below to match the date of death,,1990-01-01
calculate,gen_5_3a,Death Year,,,,,,,,"if(selected(${gen_5_3e}, '1'), substr(${gen_5_3d},0,4),'999')",,,,,,,
calculate,gen_5_3b,Death Month,,,,,,,,"if(selected(${gen_5_3e}, '1'), substr(${gen_5_3d},5,7),'99')",,,,,,,
calculate,gen_5_3c,Death Day,,,,,,,,"if(selected(${gen_5_3e}, '1'), substr(${gen_5_3d},8,10),'99')",,,,,,,
end group,,,,,,,,,,,,,,,,,
,,,,,,,,,,,,,,,,,
begin group,lastknownAge,Last Known Age,,,,,,,,,,,,,,,
add select one prompt using yearMonthDayNoAnswer,gen_5_4g,What was the last known age of the deceased?,,yes,field-list,,,,"selected(${gen_5_1e}, '0') or selected(${gen_5_3e},'0')",,,,,,"Less than 24 hours = 00 days. Enter age in days up to 28 days. Enter 29 days as 1 month. From 1-11 months, enter age in months. Enter 12 months as 1 year. From 1 year, enter age in years.",,
add integer prompt,gen_5_4h,Years - if one year or older,,yes,,1 <= . and . <= 120,Years must be between 1 and 120.,,"selected(${gen_5_4g}, '1')",,,,,,,,
add integer prompt,gen_5_4i,Months - if less than one year,,yes,,1 <= . and . <= 11,Months must be between 1 and 11.  Enter 12 months as 1 year.,,"selected(${gen_5_4g}, '2')",,,,,,,,
add integer prompt,gen_5_4j,Days - if less than one month,,yes,,0 <= . and . <= 28,Days can not be greater than 28.  Enter as 1 month if over 28 days.,,"selected(${gen_5_4g}, '4')",,,,,,,,
calculate,gen_5_4,,,yes,,,,,,"if(selected(${gen_5_1e}, '1') and selected(${gen_5_3e}, '1'),
    if((${gen_5_3d} - ${gen_5_1d}) >= 365,
      '1', 
      if((${gen_5_3d} - ${gen_5_1d}) < 365 and (${gen_5_3d} - ${gen_5_1d}) > 28, 
          '2',
           '4'))
 ,${gen_5_4g})",,,,,,,
calculate,gen_5_4a,LKA Years,,yes,,,,,,"if(selected(${gen_5_1e}, '1') and selected(${gen_5_3e}, '1'),
    if(${gen_5_4} = '1', 
       if((round(((${gen_5_3d} - ${gen_5_1d}) div 365.2425)-.5,0)) < .5,'1',
           round(((${gen_5_3d} - ${gen_5_1d}) div 365.2425)-.5,0)),'')
   ,${gen_5_4h})",,,,,,,
calculate,gen_5_4b,LKA Months,,yes,,,,,,"if(selected(${gen_5_1e}, '1') and selected(${gen_5_3e}, '1'),
   if(${gen_5_4} = '2',
         if(round((${gen_5_3d} - ${gen_5_1d}) div 30.4377,2) < 1, '1',
         round(((${gen_5_3d} - ${gen_5_1d}) div 30.4377)-.5,0)),'')
   ,${gen_5_4i})",,,,,,,
calculate,gen_5_4c,LKA Days,,yes,,,,,,"if(selected(${gen_5_1e}, '1') and selected(${gen_5_3e}, '1'),
   if(${gen_5_4} = '4',
          if( int((${gen_5_3d} - ${gen_5_1d})) < 1, '00',
          int((${gen_5_3d} - ${gen_5_1d}))),'')
 ,${gen_5_4j})",,,,,,,
,,,,,,,,,,,,,,,,,
add select one prompt using agegroup,gen_5_4d,What age group does the deceased's last known age fall into?,,yes,,,,,"not(selected(${gen_5_4}, '1') or selected(${gen_5_4}, '2') or selected(${gen_5_4}, '4'))",,,,,,,,
begin group,qageCheck,No Age,,,,,,,"selected(${gen_5_4d}, '8') or selected(${gen_5_4d}, '9')",,,,,,,,
add note prompt,gen_5_4e,No age has been provided or age group selected.  Please go back and select an age group or thank the respondent for his/her time and end the interview.,,,,,,,"selected(${gen_5_4d}, '8') or selected(${gen_5_4d}, '9')",,,,,,,,
end group,,,,,,,,,,,,,,,,,
calculate,ageminutes,,,,,,,,"selected(${gen_5_1e}, '1') and selected(${gen_5_3e}, '1') or selected(${gen_5_4}, '1') or selected(${gen_5_4}, '2') or selected(${gen_5_4}, '4') ",${agedays}*1440,,,,,,,
calculate,agehours,,,,,,,,"selected(${gen_5_1e}, '1') and selected(${gen_5_3e}, '1') or selected(${gen_5_4}, '1') or selected(${gen_5_4}, '2') or selected(${gen_5_4}, '4') ",${agedays}*24,,,,,,,
calculate,agedays,,,,,,,,"selected(${gen_5_1e}, '1') and selected(${gen_5_3e}, '1') or selected(${gen_5_4}, '1') or selected(${gen_5_4}, '2') or selected(${gen_5_4}, '4') ","if(selected(${gen_5_1e}, '0' ) or selected(${gen_5_3e}, '0'),(if (${gen_5_4a} >=0, (${gen_5_4a}*365.2425),0)) + (if (${gen_5_4b} >=0,(${gen_5_4b}*30.4377),0)) + (if (${gen_5_4c} >=0,(${gen_5_4c}),0)),int((${gen_5_3d} - ${gen_5_1d})))",,,,,,,
calculate,ageweeks,,,,,,,,"selected(${gen_5_1e}, '1') and selected(${gen_5_3e}, '1') or selected(${gen_5_4}, '1') or selected(${gen_5_4}, '2') or selected(${gen_5_4}, '4') ","round(${agedays} div 7,2)",,,,,,,
calculate,agemonths,,,,,,,,"selected(${gen_5_1e}, '1') and selected(${gen_5_3e}, '1') or selected(${gen_5_4}, '1') or selected(${gen_5_4}, '2') or selected(${gen_5_4}, '4') ","if(${agedays} > 28 and ${agedays} < 31,'1',round(${agedays} div 30.4377,2))",,,,,,,
calculate,ageyears,,,,,,,,"selected(${gen_5_1e}, '1') and selected(${gen_5_3e}, '1') or selected(${gen_5_4}, '1') or selected(${gen_5_4}, '2') or selected(${gen_5_4}, '4') ","round(${agedays} div 365.2425,4)",,,,,,,
,,,,,,,,,,,,,,,,,
calculate,UKagehoursN,,,,,,,,"selected(${gen_5_4d}, '1')",672,,,,,,,
calculate,UKagedaysN,,,,,,,,"selected(${gen_5_4d}, '1')",28,,,,,,,
calculate,UKageweeksN,,,,,,,,"selected(${gen_5_4d}, '1')",4,,,,,,,
calculate,UKagemonthsN,,,,,,,,"selected(${gen_5_4d}, '1')",0.9,,,,,,,
calculate,UKageyearsN,,,,,,,,"selected(${gen_5_4d}, '1')",0.07666,,,,,,,
,,,,,,,,,,,,,,,,,
calculate,UKagehoursC,,,,,,,,"selected(${gen_5_4d}, '2')",96096,,,,,,,
calculate,UKagedaysC,,,,,,,,"selected(${gen_5_4d}, '2')",4004,,,,,,,
calculate,UKageweeksC,,,,,,,,"selected(${gen_5_4d}, '2')",572,,,,,,,
calculate,UKagemonthsC,,,,,,,,"selected(${gen_5_4d}, '2')",132,,,,,,,
calculate,UKageyearsC,,,,,,,,"selected(${gen_5_4d}, '2')",11,,,,,,,
,,,,,,,,,,,,,,,,,
calculate,UKageminutesA,,,,,,,,"selected(${gen_5_4d}, '3')",63115614,,,,,,,
calculate,UKagehoursA,,,,,,,,"selected(${gen_5_4d}, '3')",1051926,,,,,,,
calculate,UKagedaysA,,,,,,,,"selected(${gen_5_4d}, '3')",43830,,,,,,,
calculate,UKagemonthsA,,,,,,,,"selected(${gen_5_4d}, '3')",1440,,,,,,,
calculate,UKageyearsA,,,,,,,,"selected(${gen_5_4d}, '3')",120,,,,,,,
end group,,,,,,,,,,,,,,,,,
,,,,,,,,,,,,,,,,,
add calculate prompt,adult,Indicator for adult decedent,,,,,,,,"if((4382.91 <= ${agedays}) or (selected(${gen_5_4d},'3')), '1', '0')",,,,,,,
add calculate prompt,child,Indicator for child decedent,,,,,,,,"if(((28 < ${agedays}) and (${agedays} < 4382.91)) or (selected(${gen_5_4d},'2')), '1', '0')",,,,,,,
add calculate prompt,neonate,Indicator for neonate decedent,,,,,,,,"if((${agedays} < 29) or (selected(${gen_5_4d},'1')), '1', '0')",,,,,,,
,,,,,,,,,,,,,,,,,
add select one prompt using birthPlace,gen_5_5,Where did the deceased die?,,yes,,,,,"selected(${neonate}, '1') or selected(${child}, '1') or selected(${adult}, '1')",,,,,,,,
add text prompt,gen_5_2b,"Where did the deceased die? [other, specified]",,,,,,,"selected(${gen_5_5}, '5')",,,,,,,,
add text prompt,gen_5_2c,National ID number (if available),,,,,,,"selected(${neonate}, '1') or selected(${child}, '1') or selected(${adult}, '1')",,,,,,Enter 999 if unknown,,
end group,,,,,,,,,,,,,,,,,
,,,,,,,,,,,,,,,,,
add note prompt,gen_4_a, Information about Respondent Section,,,,,,,"selected(${neonate}, '1') or selected(${child}, '1') or selected(${adult}, '1')",,,,,,,,
begin group,general4, Information about Respondent Section,,,,,,,"selected(${neonate}, '1') or selected(${child}, '1') or selected(${adult}, '1')",,,,,,,,
add note prompt,gen_4_b,Instructions to Interviewer: Inform the respondent that you would like to ask him/her some general questions about himself/herself. ,,,,,,,,,,,,,,,
add text prompt,gen_4_1,What is your (the respondent's) name?,,yes,,,,,,,,,,,,,
add select one prompt using sex,gen_4_2,What is the sex of the respondent?,,yes,,,,,,,,,,,,,
add integer prompt,gen_4_4,How old are you?,,,,0 <= . and . <= 120 or . = 999,,,,,,,,,Enter 999 if unknown,,
add select one prompt using relationship,gen_4_3,What is your respondent's relationship to the deceased?,,yes,,,,,,,,,,,,,
add text prompt,gen_4_3a,Birth attendant type (specify),,,,,,,"selected(${gen_4_3}, '11')",,,,,,,,
add text prompt,gen_4_3b,Other male (specify),,,,,,,"selected(${gen_4_3}, '12')",,,,,,,,
add text prompt,gen_4_3c,Other female (specify),,,,,,,"selected(${gen_4_3}, '13')",,,,,,,,
end group,,,,,,,,,,,,,,,,,
,,,,,,,,,,,,,,,,,
begin group,adult5,Adult Injures and Accidents Section,,,,,,,"selected(${adult},'1')",,,,,,,,
add select one prompt using yesno,adult_5_1,Did ${gen_5_0} suffer from any injury or accident that led to his/her death?,,yes,,,,,,,,,,,,,
add select multiple prompt using accident,adult_5_2,What kind of injury or accident did ${gen_5_0} suffer from?  (Read through the list in sequence and MARK ALL THAT APPLY),,yes,,"not((selected(., '0') or selected(., '9') or selected(., '8')) and count-selected(.) > 1)",,,"selected(${adult_5_1}, '1')",,,,,,,,
add text prompt,adult_5_2a,"Decedent suffered other injury, specified",,,,,,,"selected(${adult_5_2}, '11')",,,,,,,,
add select one prompt using yesno,adult_5_3,Was the injury or accident self-inflicted?,,yes,,,,,"selected(${adult_5_1}, '1')",,,,,,,,
add select one prompt using yesno,adult_5_4,Was the injury or accident intentionally inflicted by someone else?,,yes,,,,,"selected(${adult_5_1}, '1')",,,,,,,,
end group,,,,,,,,,,,,,,,,,
,,,,,,,,,,,,,,,,,
begin group,child7,Child Injures and Accidents Section,,,,,,,"selected(${child},'1')",,,,,,,,
add select one prompt using yesno,child_4_47,Did ${gen_5_0} suffer from any injury or accident that led to his/her death?,,yes,,,,,,,,,,,,,
add select multiple prompt using accidentchild,child_4_48,What kind of injury or accident did ${gen_5_0} suffer from?  (Read through the list in sequence and MARK ALL THAT APPLY),,yes,,"not((selected(., '0') or selected(., '9') or selected(., '8')) and count-selected(.) > 1)",,,"selected(${child_4_47}, '1')",,,,,,,,
add text prompt,child_4_48a,"Decedent suffered other injury, specified",,,,,,,"selected(${child_4_48}, '11')",,,,,,,,
add select one prompt using yesno,child_4_49,Was the injury or accident intentionally inflicted by someone else?,,yes,,,,,"selected(${child_4_47}, '1')",,,,,,,,
end group,,,,,,,,,,,,,,,,,
,,,,,,,,,,,,,,,,,
begin group,adultModule,Adult and Adolescent Module,,,,,,,"not(selected(${adult_5_1}, '1')) and selected(${adult},'1')",,,,,,,,
add note prompt,adult_1_a,History of Chronic Conditions of the Deceased Section,,,,,,,,,,,,,,,
begin group,adult1,History of Chronic Conditions of the Deceased Section,,,,,,,,,,,,,,,
add note prompt,adult_1_1,Was ${gen_5_0} ever told by a health professional that he or she ever suffered from one of the following?,,,,,,,,,,,,,,,
add select one prompt using yesno,adult_1_1a,Asthma,,yes,,,,,,,,,,,,,
add select one prompt using yesno,adult_1_1c,Cancer,,yes,,,,,,,,,,,,,
add select one prompt using yesno,adult_1_1m,COPD (Chronic Obstructive Pulmonary Disease),,yes,,,,,,,,,,,,,
add select one prompt using yesno,adult_1_1g,Diabetes,,yes,,,,,,,,,,,,,
add select one prompt using yesno,adult_1_1h,Epilepsy,,yes,,,,,,,,,,,,,
add select one prompt using yesno,adult_1_1i,Heart Disease,,yes,,,,,,,,,,,,,
add select one prompt using yesno,adult_1_1d,Tuberculosis,,yes,,,,,,,,,,,,,
add select one prompt using yesno,adult_1_1l,Stroke,,yes,,,,,,,,,,,,,
add select one prompt using yesno,adult_1_1n,AIDS,,yes,,,,,,,,,,,,,
end group,,,,,,,,,,,,,,,,,
,,,,,,,,,,,,,,,,,
add note prompt,adult_2_a,Symptom Checklist Section,,,,,,,,,,,,,,,
begin group,adult2,Symptom Checklist Section,,,,,,,,,,,,,,,
,,,,,,,,,,,,,,,,,
add select one prompt using yesno,adult_2_2,Did ${gen_5_0} have a fever?,,yes,,,,,,,,,,,,,
add select one prompt using severity,adult_2_4,How severe was the fever?,,yes,,,,,"selected(${adult_2_2}, '1')",,,,,,,,
add select one prompt using pattern,adult_2_5,What was the pattern of fever?,,yes,,,,,"selected(${adult_2_2}, '1')",,,,,,,,
add select one prompt using yesno,adult_2_7,Did ${gen_5_0} have a rash?,,yes,,,,,,,,,,,,,
add select multiple prompt using rashlocation,adult_2_9,Where was the rash located?,,yes,,"not((selected(., '4') or selected(., '9') or selected(., '8')) and count-selected(.) > 1)",,,"selected(${adult_2_7}, '1')",,,,,,,,
add text prompt,adult_2_9a,"Where was the rash located? [other location, specified]",,,,,,,"selected(${adult_2_9}, '5')",,,,,,,,
,,,,,,,,,,,,,,,,,
add select one prompt using yesno,adult_2_10,Did ${gen_5_0} have sores?,,yes,,,,,,,,,,,,,
add select one prompt using yesno,adult_2_11,Did the sores have clear fluid or pus?,,yes,,,,,"selected(${adult_2_10}, '1')",,,,,,,,
,,,,,,,,,,,,,,,,,
add select one prompt using yesno,adult_2_13,Did ${gen_5_0} have an ulcer (pit) on the foot?,,yes,,,,,,,,,,,,,
add select one prompt using yesno,adult_2_14,Did the ulcer ooze pus?,,yes,,,,,"selected(${adult_2_13}, '1')",,,,,,,,
add select one prompt using dayNoAnswer,adult_2_15,For how many days did the ulcer ooze pus?,,yes,,,,,"selected(${adult_2_14}, '1')",,,,,,,,
add integer prompt,adult_2_15a,For how many days did the ulcer ooze pus? [specify units],,yes,,(0 <= . and (. <=${agedays} or . <= ${UKagedaysA})) or . = 99,,,"selected(${adult_2_15}, '4')",,,,,,Enter 99 if unknown,,
,,,,,,,,,,,,,,,,,
add select one prompt using yesno,adult_2_21,Did ${gen_5_0} have yellow discoloration of the eyes?,,yes,,,,,,,,,,,,,
add select one prompt using monthDayNoAnswer,adult_2_22,For how long did ${gen_5_0} have the yellow discoloration?,,yes,,,,,"selected(${adult_2_21}, '1')",,,,,,,,
add integer prompt,adult_2_22a,Number of days,,yes,,(0 <= . and (. <= ${agedays} or . <= ${UKagedaysA})) or . = 99,,,"selected(${adult_2_22}, '4')",,,,,,Enter 99 if unknown,,
add integer prompt,adult_2_22b,Number of months,,yes,,(0 <= . and (. <=${agemonths} or . <= ${UKagemonthsA})) or . = 99,,,"selected(${adult_2_22}, '2')",,,,,,Enter 99 if unknown,,
,,,,,,,,,,,,,,,,,
add select one prompt using yesno,adult_2_25,Did ${gen_5_0} have puffiness of the face?,,yes,,,,,,,,,,,,,
add select one prompt using monthDayNoAnswer,adult_2_26,For how long did ${gen_5_0} have puffiness of the face?,,yes,,,,,"selected(${adult_2_25}, '1')",,,,,,,,
add integer prompt,adult_2_26a,Number of days,,yes,,(0 <= . and (. <= ${agedays} or . <= ${UKagedaysA})) or . = 99,,,"selected(${adult_2_26}, '4')",,,,,,Enter 99 if unknown,,
add integer prompt,adult_2_26b,Number of months,,yes,,(0 <= . and (. <=${agemonths} or . <= ${UKagemonthsA})) or . = 99,,,"selected(${adult_2_26}, '2')",,,,,,Enter 99 if unknown,,
,,,,,,,,,,,,,,,,,
add select one prompt using yesno,adult_2_27,Did ${gen_5_0} have general puffiness all over his/her body?,,yes,,,,,,,,,,,,,
,,,,,,,,,,,,,,,,,
add select one prompt using yesno,adult_2_29,Did ${gen_5_0} have a lump in the neck?,,yes,,,,,,,,,,,,,
add select one prompt using yesno,adult_2_30,Did ${gen_5_0} have a lump in the armpit?,,yes,,,,,,,,,,,,,
add select one prompt using yesno,adult_2_31,Did ${gen_5_0} have a lump in the groin?,,yes,,,,,,,,,,,,,
,,,,,,,,,,,,,,,,,
add select one prompt using yesno,adult_2_32,Did ${gen_5_0} have a cough?,,yes,,,,,,,,,,,,,
add select one prompt using yesno,adult_2_34,Did the cough produce sputum?,,yes,,,,,"selected(${adult_2_32}, '1')",,,,,,,,
add select one prompt using yesno,adult_2_35,Did ${gen_5_0} cough blood?,,yes,,,,,"selected(${adult_2_32}, '1')",,,,,,,,
,,,,,,,,,,,,,,,,,
add select one prompt using yesno,adult_2_36,Did ${gen_5_0} have difficulty breathing?,,yes,,,,,,,,,,,,,
,,,,,,,,,,,,,,,,,
add select one prompt using yesno,adult_2_43,Did ${gen_5_0} experience pain in the chest in the month preceding death?,,yes,,,,,,,,,,,,,
add select one prompt using duration,adult_2_44,How long did the pain last?,,yes,,,,,"selected(${adult_2_43}, '1')",,,,,,,,
,,,,,,,,,,,,,,,,,
add select one prompt using yesno,adult_2_47,Did ${gen_5_0} have more frequent loose or liquid stools than usual?,,yes,,,,,,,,,,,,,
add select one prompt using yesno,adult_2_50,Was there blood in the stool?,,yes,,,,,,,,,,,,,
add select one prompt using yesno,adult_2_51,Was there blood in the stool up until death?,,yes,,,,,"selected(${adult_2_50}, '1')",,,,,,,,
,,,,,,,,,,,,,,,,,
add select one prompt using yesno,adult_2_52,Did ${gen_5_0} stop urinating?,,yes,,,,,,,,,,,,,
,,,,,,,,,,,,,,,,,
add select one prompt using yesno,adult_2_53,Did ${gen_5_0} vomit in the week preceding the death?,,yes,,,,,,,,,,,,,
add select one prompt using yesno,adult_2_55,Was there blood in the vomit?,,yes,,,,,"selected(${adult_2_53}, '1')",,,,,,,,
add select one prompt using yesno,adult_2_56,Was the vomit black?,,yes,,,,,"selected(${adult_2_53}, '1')",,,,,,,,
,,,,,,,,,,,,,,,,,
add select one prompt using yesno,adult_2_57,Did ${gen_5_0} have difficulty swallowing?,,yes,,,,,,,,,,,,,
add select one prompt using monthDayNoAnswer,adult_2_58,For how long before death did ${gen_5_0} have difficulty swallowing?,,yes,,,,,"selected(${adult_2_57}, '1')",,,,,,,,
add integer prompt,adult_2_58a,Number of days,,yes,,(0 <= . and (. <= ${agedays} or . <= ${UKagedaysA})) or . = 99,,,"selected(${adult_2_58}, '4')",,,,,,Enter 99 if unknown,,
add integer prompt,adult_2_58b,Number of months,,yes,,(0 <= . and (. <=${agemonths} or . <= ${UKagemonthsA})) or . = 99,,,"selected(${adult_2_58}, '2')",,,,,,Enter 99 if unknown,,
add select one prompt using swallowing,adult_2_59,"Was the difficulty with swallowing with solids, liquids, or both?",,yes,,,,,"selected(${adult_2_57}, '1')",,,,,,,,
,,,,,,,,,,,,,,,,,
add select one prompt using yesno,adult_2_60,Did ${gen_5_0} have pain upon swallowing?,,yes,,,,,,,,,,,,,
,,,,,,,,,,,,,,,,,
add select one prompt using yesno,adult_2_61,Did ${gen_5_0} have belly pain?,,yes,,,,,,,,,,,,,
add select one prompt using monthDayHourNoAnswer,adult_2_62,For how long before death did ${gen_5_0} have belly pain?,,yes,,,,,"selected(${adult_2_61}, '1')",,,,,,,,
add integer prompt,adult_2_62a,Number of hours,,yes,,(0 <= . and (. <= ${agehours} or . <= ${UKagehoursA})) or . = 99,,,"selected(${adult_2_62}, '5')",,,,,,Enter 99 if unknown,,
add integer prompt,adult_2_62b,Number of days,,yes,,(0 <= . and (. <= ${agedays} or . <= ${UKagedaysA})) or . = 99,,,"selected(${adult_2_62}, '4')",,,,,,Enter 99 if unknown,,
add integer prompt,adult_2_62c,Number of months,,yes,,(0 <= . and (. <=${agemonths} or . <= ${UKagemonthsA})) or . = 99,,,"selected(${adult_2_62}, '2')",,,,,,Enter 99 if unknown,,
add select one prompt using bellypainlocation,adult_2_63,Was the pain in the upper or lower belly?,,yes,,,,,"selected(${adult_2_61}, '1')",,,,,,,,
,,,,,,,,,,,,,,,,,
add select one prompt using yesno,adult_2_64,Did ${gen_5_0} have a more than usual protruding belly?,,yes,,,,,,,,,,,,,
add select one prompt using monthDayNoAnswer,adult_2_65,For how long before death did ${gen_5_0} have a protruding belly?,,yes,,,,,"selected(${adult_2_64}, '1')",,,,,,,,
add integer prompt,adult_2_65a,Number of days,,yes,,(0 <= . and (. <= ${agedays} or . <= ${UKagedaysA})) or . = 99,,,"selected(${adult_2_65}, '4')",,,,,,Enter 99 if unknown,,
add integer prompt,adult_2_65b,Number of months,,yes,,(0 <= . and (. <=${agemonths} or . <= ${UKagemonthsA})) or . = 99,,,"selected(${adult_2_65}, '2')",,,,,,Enter 99 if unknown,,
add select one prompt using developmentspeed,adult_2_66,How rapidly did ${gen_5_0} develop the protruding belly?,,yes,,,,,"selected(${adult_2_64}, '1')",,,,,,,,
,,,,,,,,,,,,,,,,,
add select one prompt using yesno,adult_2_67,Did ${gen_5_0} have any mass in the belly?,,yes,,,,,,,,,,,,,
add select one prompt using monthDayNoAnswer,adult_2_68,For how long before death did ${gen_5_0} have a mass in the belly [Specify units],,yes,,,,,"selected(${adult_2_67}, '1')",,,,,,,,
add integer prompt,adult_2_68a,Number of days,,yes,,(0 <= . and (. <= ${agedays} or . <= ${UKagedaysA})) or . = 99,,,"selected(${adult_2_68}, '4')",,,,,,Enter 99 if unknown,,
add integer prompt,adult_2_68b,Number of months,,yes,,(0 <= . and (. <=${agemonths} or . <= ${UKagemonthsA})) or . = 99,,,"selected(${adult_2_68}, '2')",,,,,,Enter 99 if unknown,,
,,,,,,,,,,,,,,,,,
add select one prompt using yesno,adult_2_72,Did ${gen_5_0} have a stiff neck?,,yes,,,,,,,,,,,,,
add select one prompt using monthDayNoAnswer,adult_2_73,For how long before death did ${gen_5_0} have stiff neck? ,,yes,,,,,"selected(${adult_2_72}, '1')",,,,,,,,
add integer prompt,adult_2_73a,Number of days,,yes,,(0 <= . and (. <= ${agedays} or . <= ${UKagedaysA})) or . = 99,,,"selected(${adult_2_73}, '4')",,,,,,Enter 99 if unknown,,
add integer prompt,adult_2_73b,Number of months,,yes,,(0 <= . and (. <=${agemonths} or . <= ${UKagemonthsA})) or . = 99,,,"selected(${adult_2_73}, '2')",,,,,,Enter 99 if unknown,,
,,,,,,,,,,,,,,,,,
add select one prompt using yesno,adult_2_74,Did ${gen_5_0} experience a period of loss of consciousness?,,yes,,,,,,,,,,,,,
add select one prompt using startspeed,adult_2_75,Did the period of loss of consciousness start suddenly or slowly?,,yes,,,,,"selected(${adult_2_74}, '1')",,,,,,,,
add select one prompt using yesno,adult_2_77,Did it continue until death?,,yes,,,,,"selected(${adult_2_74}, '1')",,,,,,,,
,,,,,,,,,,,,,,,,,
add select one prompt using yesno,adult_2_82,Did ${gen_5_0} have convulsions?,,yes,,,,,,,,,,,,,
add select one prompt using minuteHourNoAnswer,adult_2_83,For how long before death did the convulsions last?,,yes,,,,,"selected(${adult_2_82}, '1')",,,,,,,,
add integer prompt,adult_2_83a,Number of minutes,,yes,,(0 <= . and (. <=${ageminutes} or . <= ${UKageminutesA})) or . = 99,,,"selected(${adult_2_83}, '6')",,,,,,Enter 99 if unknown,,
add integer prompt,adult_2_83b,Number of hours,,yes,,(0 <= . and (. <=${agehours} or . <= ${UKagehoursA})) or . = 99,,,"selected(${adult_2_83}, '5')",,,,,,Enter 99 if unknown,,
add select one prompt using yesno,adult_2_84,Did the person become unconscious immediately after the convulsions?,,yes,,,,,"selected(${adult_2_82}, '1')",,,,,,,,
,,,,,,,,,,,,,,,,,
add select one prompt using yesno,adult_2_85,Was ${gen_5_0} in any way paralyzed?,,yes,,,,,,,,,,,,,
add select multiple prompt using paralysislocation,adult_2_87,Which were the limbs or body parts paralyzed? (Read through the list in sequence and MARK ALL THAT APPLY),,yes,,"not((selected(., '7') or selected(., '9') or selected(., '8')) and count-selected(.) > 1)",,,"selected(${adult_2_85}, '1')",,,,,,,,
add text prompt,adult_2_87a,Paralyzed other (specify),,,,,,,"selected(${adult_2_87}, '11')",,,,,,,,
end group,,,,,,,,,,,,,,,,,
,,,,,,,,,,,,,,,,,
add note prompt,adult_3_a,Questions for Women Section,,,,,,,"selected(${gen_5_2}, '2')",,,,,,,,
begin group,adult3,Questions for Women Section,,,,,,,"selected(${gen_5_2}, '2')",,,,,,,,
add select one prompt using yesno,adult_3_1,Did ${gen_5_0} have any swelling or lump in the breast?,,yes,,,,,,,,,,,,,
add select one prompt using yesno,adult_3_2,Did ${gen_5_0} have any ulcers (pits) in the breast?,,yes,,,,,,,,,,,,,
,,,,,,,,,,,,,,,,,
add select one prompt using yesno,adult_3_3a,Did ${gen_5_0} ever have a period or menstrate?,,yes,,,,,"(18 > ${ageyears}) or (selected(${gen_5_4d},'3'))",,,,,,,,
add select one prompt using yesno,adult_3_3b,Had ${gen_5_0}'s periods stopped naturally because of menopause?,,yes,,,,,"(((${ageyears} > 38) and (${ageyears} < 60)) or (selected(${gen_5_4d},'3')))",,,,,,,,
calculate,adult_3_3,Calculate answer for 3_3b to answer 'yes' if 60 and older,,,,,,,,"if(${ageyears} > 59,'1',${adult_3_3b})",,,,,,,
,,,,,,,,,,,,,,,,,
add select one prompt using yesno,adult_3_4,Did ${gen_5_0} have vaginal bleeding after cessation of menstruation? (post menopausal),,yes,,,,,"selected(${adult_3_3}, '1') or selected(${adult_3_3}, '8') or selected(${adult_3_3}, '9')",,,,,,,,
add select one prompt using yesno,adult_3_5,Did ${gen_5_0} have vaginal bleeding other than her period? (intermenstrual),,yes,,,,,"not(selected(${adult_3_3a},'0')) and not(selected(${adult_3_3},'1')) and not(selected(${adult_3_3},'8')) and not(selected(${adult_3_3},'9')) ",,,,,,,,
add select one prompt using yesno,adult_3_6,Was there excessive vaginal bleeding in the week prior to death?,,yes,,,,,"not(selected(${adult_3_3a},'0')) and not(selected(${adult_3_3},'1')) and not(selected(${adult_3_3},'8')) and not(selected(${adult_3_3},'9')) ",,,,,,,,
add select one prompt using yesno,adult_3_7,At the time of death was her period overdue?,,yes,,,,,"not(selected(${adult_3_3a},'0')) and not(selected(${adult_3_3},'1')) and not(selected(${adult_3_3},'8')) and not(selected(${adult_3_3},'9'))",,,,,,,,
,,,,,,,,,,,,,,,,,
begin group,qperiodoverdueatdeath,Details of Overdue Period,,,,,,,"not(selected(${adult_3_3a},'0')) and not(selected(${adult_3_3},'1')) and not(selected(${adult_3_3},'8'))  and not(selected(${adult_3_3},'9')) and selected(${adult_3_7},'1')",,,,,,,,
add select one prompt using weekNoAnswer,adult_3_8,For how many weeks was her period overdue?,,yes,,,,,"not(selected(${adult_3_3a},'0')) and not(selected(${adult_3_3},'1')) and not(selected(${adult_3_3},'8'))  and not(selected(${adult_3_3},'9')) and selected(${adult_3_7},'1')",,,,,,,,
add integer prompt,adult_3_8a,Number of weeks,,yes,,0 <= . and . <= 42 or . = 99,,,"selected(${adult_3_8}, '3')",,,,,,Enter 99 if unknown,,
end group,,,,,,,,,,,,,,,,,
add select one prompt using yesno,adult_3_9,Did ${gen_5_0} have a sharp pain in the belly shortly before death?,,yes,,,,,"not(selected(${adult_3_3a},'0')) and not(selected(${adult_3_3},'1')) and not(selected(${adult_3_3},'8'))  and not(selected(${adult_3_3},'9'))  and selected(${adult_3_7},'1')",,,,,,,,
add select one prompt using yesno,adult_3_10,Was ${gen_5_0} pregnant at the time of death?,,yes,,,,,"not(selected(${adult_3_3a},'0')) and not(selected(${adult_3_3},'1')) and not(selected(${adult_3_3},'8'))  and not(selected(${adult_3_3},'9')) ",,,,,,,,
begin group,qpregnant,Details of Pregnancy,,,,,,,"not(selected(${adult_3_3a},'0')) and not(selected(${adult_3_3},'1')) and not(selected(${adult_3_3},'8'))  and not(selected(${adult_3_3},'9')) and selected(${adult_3_10},'1')",,,,,,,,
add select one prompt using monthNoAnswer,adult_3_11,For how many months was she pregnant?,,yes,,,,,"not(selected(${adult_3_3a},'0')) and not(selected(${adult_3_3},'1')) and not(selected(${adult_3_3},'8'))  and not(selected(${adult_3_3},'9')) and selected(${adult_3_10},'1')",,,,,,,,
add integer prompt,adult_3_11a,Number of months,,yes,,0 <= . and . <= 10 or . = 99,,,"selected(${adult_3_11}, '2')",,,,,,Enter 99 if unknown,,
end group,,,,,,,,,,,,,,,,,
add select one prompt using yesno,adult_3_12,Did ${gen_5_0} die during an abortion?,,yes,,,,,"not(selected(${adult_3_3a},'0')) and not(selected(${adult_3_3},'1')) and not(selected(${adult_3_3},'8'))  and not(selected(${adult_3_3},'9'))  and selected(${adult_3_10},'1')",,,,,,,,
add select one prompt using yesno,adult_3_13,Did bleeding occur while she was pregnant?,,yes,,,,,"not(selected(${adult_3_3a},'0')) and not(selected(${adult_3_3},'1')) and not(selected(${adult_3_3},'8'))  and not(selected(${adult_3_3},'9'))  and selected(${adult_3_10},'1') and not(selected(${adult_3_12},'1'))",,,,,,,,
add select one prompt using yesno,adult_3_14,Did she have excessive bleeding during labor or delivery?,,yes,,,,,"not(selected(${adult_3_3a},'0')) and not(selected(${adult_3_3},'1')) and not(selected(${adult_3_3},'8'))  and not(selected(${adult_3_3},'9'))  and selected(${adult_3_10},'1')  and not(selected(${adult_3_12},'1'))",,,,,,,,
add select one prompt using yesno,adult_3_15,Did she die during labor or delivery?,,yes,,,,,"not(selected(${adult_3_3a},'0')) and not(selected(${adult_3_3},'1')) and not(selected(${adult_3_3},'8'))  and not(selected(${adult_3_3},'9'))  and selected(${adult_3_10},'1')  and not(selected(${adult_3_12},'1'))",,,,,,Labor is the period of time by which contractions are less than 10 minutes apart.,,
begin group,qdeathlabordelivery,Details of Labor,,,,,,,"not(selected(${adult_3_3a},'0')) and not(selected(${adult_3_3},'1')) and not(selected(${adult_3_3},'8'))  and not(selected(${adult_3_3},'9'))  and selected(${adult_3_10},'1')  and not(selected(${adult_3_12},'1'))",,,,,,,,
add select one prompt using hourNoAnswer,adult_3_16,For how many hours was she in labor?,,yes,,,,,"not(selected(${adult_3_3a},'0')) and not(selected(${adult_3_3},'1')) and not(selected(${adult_3_3},'8'))  and not(selected(${adult_3_3},'9'))  and selected(${adult_3_10},'1')  and not(selected(${adult_3_12},'1'))",,,,,,,,
add integer prompt,adult_3_16a,Number of hours,,yes,,0 <= . and . <= 50 or . = 99,,,"selected(${adult_3_16}, '5')",,,,,,Enter 99 if unknown,,
end group,,,,,,,,,,,,,,,,,
add select one prompt using yesno,adult_3_17,Did she die within 6 weeks after having an abortion?,,yes,,,,,"not(selected(${adult_3_3a},'0')) and not(selected(${adult_3_3},'1')) and not(selected(${adult_3_3},'8'))  and not(selected(${adult_3_3},'9'))  and not(selected(${adult_3_12},'1')) and not(selected(${adult_3_15},'1'))",,,,,,,,
add select one prompt using yesno,adult_3_18,Did she die within 6 weeks of childbirth?,,yes,,,,,"not(selected(${adult_3_3a},'0')) and not(selected(${adult_3_3},'1')) and not(selected(${adult_3_3},'8'))  and not(selected(${adult_3_3},'9'))  and not(selected(${adult_3_12},'1')) and not(selected(${adult_3_15},'1')) and not(selected(${adult_3_17},'1'))",,,,,,,,
add select one prompt using yesno,adult_3_19,Did she have excessive bleeding after delivery or abortion?,,yes,,,,,"not(selected(${adult_3_3a},'0')) and not(selected(${adult_3_3},'1')) and not(selected(${adult_3_3},'8'))  and not(selected(${adult_3_3},'9')) and not(selected(${adult_3_15},'1')) and not(selected(${adult_3_18},'0')) and not(selected(${adult_3_18},'8')) and not(selected(${adult_3_18},'9')) ",,,,,,,,
end group,,,,,,,,,,,,,,,,,
,,,,,,,,,,,,,,,,,
begin group,adult4,Tobacco Section,,,,,,,,,,,,,,,
add select one prompt using yesno,adult_4_1,Did ${gen_5_0} use tobacco?,,yes,,,,,,,,,,,,,
add select multiple prompt using tobaccokinds,adult_4_2,What kind of tobacco did ${gen_5_0} use?,,yes,,"not((selected(., '9') or selected(., '8')) and count-selected(.) > 1)",,,"selected(${adult_4_1}, '1')",,,,,,,,
add text prompt,adult_4_2a,"Type of tobacco used: other, specify",,,,,,,"selected(${adult_4_2}, '11')",,,,,,,,
,,,,,,,,,,,,,,,,,
add select one prompt using cigarettesNoAnswer,adult_4_4,How many cigarettes did ${gen_5_0} smoke daily?,,yes,,,,,"selected(${adult_4_2}, '1')",,,,,,,,
add integer prompt,adult_4_4a,Cigarettes,,yes,,0 <= . and . <= 100 or . = 999,,,"selected(${adult_4_4}, '1')",,,,,,,,
end group,,,,,,,,,,,,,,,,,
end group,,,,,,,,,,,,,,,,,
,,,,,,,,,,,,,,,,,
add note prompt,adult_6_a,Health Records Section,,,,,,,"selected(${adult},'1')",,,,,,,,
begin group,adult6,Health Records Section,,,,,,,"selected(${adult},'1')",,,,,,,,
add select one prompt using yesno,adult_6_1,Was care sought outside the home while ${gen_5_0} had this illness?,,yes,,,,,,,,,,,,,
add select multiple prompt using provider,adult_6_2,Where or from whom did you seek care? (Check all that apply),,yes,,"not((selected(., '99') or selected(., '88')) and count-selected(.) > 1)",,,"selected(${adult_6_1}, '1')",,,,,,,,
,,,,,,,,,,,,,,,,,
add text prompt,adult_6_3,"Record the name and address of any hospital, health center or clinic where care was sought: ",,,,,,,"selected(${adult_6_1}, '1')",,,,,,,,
add select one prompt using yesno,adult_6_3a,Did a health care worker tell you the cause of death?,,yes,,,,,,,,,,,,,
add text prompt,adult_6_3b,What did the health care worker say?,,,,,,,"selected(${adult_6_3a}, '1')",,,,,,,,
,,,,,,,,,,,,,,,,,
,,,,,,,,,,,,,,,,,
,,,,,,,,,,,,,,,,,
add select one prompt using yesno,adult_6_4,Do you have any health records that belonged to the deceased? ,,yes,,,,,,,,,,,,,
add select one prompt using yesno,adult_6_5,Can I see the health records? ,,yes,,,,,"selected(${adult_6_4}, '1')",,,,,,,,
add image prompt,adult_6_5a,Take a picture of the health records,,,,,,,"selected(${adult_6_5}, '1')",,,,,,,,
add image prompt,adult_6_5b,Take a second picture of the health records if necessary.,,,,,,,"selected(${adult_6_5}, '1')",,,,,,,,
begin group,qhealthrecordsAdult,Health Record Information,,,,,,,"selected(${adult_6_5}, '1')",,,,,,,,
add select multiple prompt using dates,adult_6_6,Are the dates known for the two most recent visits and the last note? (Mark all that apply),,yes,,"not((selected(., '9')) and count-selected(.) > 1)",,,"selected(${adult_6_5}, '1')",,,,,,,,
,,,,,,,,,,,,,,,,,
begin group,recent1Adult,Most Recent Visit,,,field-list,,,,"selected(${adult_6_6}, '1')",,,,,,,,
add note prompt,adult_6_6a,Most recent visit,,,,,,,,,,,,,,,
add integer prompt,adult_6_6b,Year,,yes,,1890 <= . or . = 9999,,,,,,,,,Enter Four Digit Year. Enter 9999 if unknown.,,
add integer prompt,adult_6_6c,Month,,yes,,1 <= . and . <= 12 or . = 99,,,,,,,,,Enter Month (January == 1). Enter 99 if unknown.,,
add integer prompt,adult_6_6d,Day of the month,,yes,,1 <= . and . <= 31 or . = 99,,,,,,,,,Enter Day between 1-31. Enter 99 if unknown.,,
end group,,,,,,,,,,,,,,,,,
,,,,,,,,,,,,,,,,,
begin group,recent2Adult,Second most recent visit,,,field-list,,,,"selected(${adult_6_6}, '2')",,,,,,,,
add note prompt,adult_6_6e,Second most recent visit,,,,,,,,,,,,,,,
add integer prompt,adult_6_6f,Year,,yes,,1890 <= . or . = 9999,,,,,,,,,Enter Four Digit Year. Enter 9999 if unknown.,,
add integer prompt,adult_6_6g,Month,,yes,,1 <= . and . <= 12 or . = 99,,,,,,,,,Enter Month (January == 1). Enter 99 if unknown.,,
add integer prompt,adult_6_6h,Day of the month,,yes,,1 <= . and . <= 31 or . = 99,,,,,,,,,Enter Day between 1-31. Enter 99 if unknown.,,
end group,,,,,,,,,,,,,,,,,
,,,,,,,,,,,,,,,,,
begin group,lastNoteAdult,Last Note,,,field-list,,,,"selected(${adult_6_6}, '3')",,,,,,,,
add note prompt,adult_6_7,Record the date of the last note,,,,,,,,,,,,,,,
add integer prompt,adult_6_7a,Year,,yes,,1890 <= . or . = 9999,,,,,,,,,Enter Four Digit Year. Enter 9999 if unknown.,,
add integer prompt,adult_6_7b,Month,,yes,,1 <= . and . <= 12 or . = 99,,,,,,,,,Enter Month (January == 1). Enter 99 if unknown.,,
add integer prompt,adult_6_7c,Day of the month,,yes,,1 <= . and . <= 31 or . = 99,,,,,,,,,Enter Day between 1-31. Enter 99 if unknown.,,
,,,,,,,,,,,,,,,,,
add text prompt,adult_6_8,Transcribe the note:,,,,,,,"selected(${adult_6_6}, '3')",,,,,,,,
end group,,,,,,,,,,,,,,,,,
end group,,,,,,,,,,,,,,,,,
add select one prompt using yesno,adult_6_9,Was a death certificate issued?,,yes,,,,,,,,,,,,,
add select one prompt using yesnorefuse,adult_6_10,Can I see the death certificate? ,,yes,,,,,"selected(${adult_6_9}, '1')",,,,,,,,
add image prompt,adult_6_10a,Take a picture of the death certificate,,,,,,,"selected(${adult_6_10}, '1')",,,,,,,,
add image prompt,adult_6_10ab,Take a second picture of the death certificate if necessary.,,,,,,,"selected(${adult_6_10}, '1')",,,,,,,,
begin group,qDeathCertsAdult,Death Certificate Information,,,,,,,"selected(${adult_6_10}, '1')",,,,,,,,
add select multiple prompt using certs,adult_6_10b,Mark all Cause of Death information that is known,,yes,,"not((selected(., '9')) and count-selected(.) > 1)",,,"selected(${adult_6_10}, '1')",,,,,,,,
add text prompt,adult_6_11,Record the immediate cause of death from the certificate.,,,,,,,"selected(${adult_6_10b}, '1')",,,,,,,,
add text prompt,adult_6_12,Record the first underlying cause of death from the certificate.,,,,,,,"selected(${adult_6_10b}, '2')",,,,,,,,
add text prompt,adult_6_13,Record the second underlying cause of death from the certificate.,,,,,,,"selected(${adult_6_10b}, '3')",,,,,,,,
add text prompt,adult_6_14,Record the third underlying cause of death from the certificate.,,,,,,,"selected(${adult_6_10b}, '4')",,,,,,,,
add text prompt,adult_6_15,Record the contributing cause(s) of death from the certificate.,,,,,,,"selected(${adult_6_10b}, '5')",,,,,,,,
end group,,,,,,,,,,,,,,,,,
end group,,,,,,,,,,,,,,,,,
,,,,,,,,,,,,,,,,,
,,,,,,,,,,,,,,,,,
begin group,childModule,Neonatal and Child Module,,,,,,,"selected(${neonate},'1') or (selected(${child},'1')) and not(selected(${child_4_47},'1'))",,,,,,,,
add note prompt,child_1_a,Background Section,,,,,,,"selected(${neonate},'1') or (selected(${child},'1')) and not(selected(${child_4_47},'1'))",,,,,,,,
begin group,Child1,Background Section,,,,,,,,,,,,,,,
add select one prompt using yesno,child_1_3,Is the mother still alive?,,yes,,,,,,,,,,,,,
add select one prompt using duringAfter,child_1_4,Did the mother die during or after the delivery?,,yes,,,,,"not(selected(${child_1_3}, '1')) and selected(${child}, '1')",,,,,,,,
begin group,motherDieDuringAfterDeliveryGroup,Details on death after delivery,,,,,,,"selected(${neonate},'0') and selected(${child},'0') and selected(${adult},'0')",,,,,,,,
add select one prompt using monthDayNoAnswer,child_1_5,How long after the delivery did the mother die?,,yes,,,,,"not(selected(${child_1_3}, '1')) and selected(${child_1_4}, '2')  and selected(${child}, '1')",,,,,,Less than 24 hours = 0 days.  Use 1 month = 28 days to determine the number of months.,,
add integer prompt,child_1_5a,Days,,yes,,0<= .  or . = 99,,,"selected(${child_1_5}, '4')",,,,,,Enter 99 if unknown,,
add integer prompt,child_1_5b,Months,,yes,,. <= 99 or . = 99,,,"selected(${child_1_5}, '2')",,,,,,Enter 99 if unknown,,
end group,,,,,,,,,,,,,,,,,
add select one prompt using birthPlace,child_1_6,Where was the deceased born?,,yes,,,,,"selected(${child}, '1')",,,,,,,,
add text prompt,child_1_6a,"Where was the deceased born? [other location, specified]",,,,,,,"selected(${child_1_6}, '5')",,,,,,,,
begin group,birthWeightDetails,Birth Weight Details,,,,,,,,,,,,,,,
add select one prompt using weightNoAnswer,child_1_8,What was the weight of the deceased at birth?,,yes,,,,,"selected(${neonate}, '1')",,,,,,,,
add integer prompt,child_1_8a,Grams,,yes,,500 <= . and . <= 7000  or . = 9999,,,"selected(${child_1_8}, '1')",,,,,,Enter 9999 if unknown,,
add decimal prompt,child_1_8b,Kilograms,,yes,,1  <= . and  . <= 7 or . = 999,,,"selected(${child_1_8}, '2')",,,,,,Enter 999 if unknown,,
end group,,,,,,,,,,,,,,,,,
add select one prompt using birthSize,child_1_7,At the time of the delivery what was the size of the deceased? (Read the question and slowly read the first 4 choices. Respondent should hear all four choices and then respond.),,yes,,,,,"not(selected(${child_1_8}, '1')) and not(selected(${child_1_8}, '2'))",,babySize.jpg,babySize.jpg,,,"Pictured above from left to right: very small, small, and average newborns (no large newborn pictured)
For reference: <1 kg = very small, 1-2.5 kg = small, 2.5- 4 kg = average; >4 kg = large",,
add select one prompt using aliveDead,child_1_11,Was the baby born alive or dead?,,yes,,,,,"selected(${neonate}, '1')",,,,,,,,
add select one prompt using yesno,child_1_12,Did the baby ever cry? ,,yes,,,,,"selected(${neonate}, '1')",,,,,,,,
add select one prompt using yesno,child_1_13,Did the baby ever move?,,yes,,,,,"selected(${neonate}, '1')",,,,,,,,
add select one prompt using yesno,child_1_14,Did the baby ever breathe?,,yes,,,,,"selected(${neonate}, '1')",,,,,,,,
add select one prompt using yesno,child_1_14b,Ask the relative whether the baby survived for more than 24 hours,,yes,,,,,"((selected(${neonate}, '1') and ${agedays} > 0) or (selected(${neonate}, '1') and selected(${gen_5_4d}, '1'))) and (selected(${child_1_12},'0')  and selected(${child_1_13},'0') and selected(${child_1_14},'0'))",,,,,,,,
calculate,child_1_15,"Decedent never cried, moved or breathed and age checked to ensure not too old. (If all three previous responses are “No” and age less than 24 hours then check “Yes” below. Otherwise, check “No.”)",,,,,,,,"if((selected(${child_1_12},'0') and selected(${child_1_13},'0') and selected(${child_1_14},'0') and ${agedays} = 0),
     '1',
      if(selected(${child_1_12},'0') and selected(${child_1_13},'0') and selected(${child_1_14},'0') and ((${agedays} > 0) or selected(${gen_5_4d},'1')) and selected(${child_1_14b},'0'),'1','0')
)",,,,,,,
add note prompt,child_1_15b,"Because the baby never cried, moved, or breathed, this was a stillbirth.",,,,,,,"selected(${child_1_15},'1') and selected(${neonate}, '1')",,,,,,,,
add note prompt,child_1_15c,"Because the baby was too old or because the baby either cried, moved, or breathed, this was not a stillbirth.",,,,,,,"selected(${child_1_15},'0') and selected(${neonate}, '1')",,,,,,,,
calculate,stillbirth,Indicator for stillbirth decedent,,,,,,,,${child_1_15},,,,,,,
,,,,,,,,,,,,,,,,,
,,,,,,,,,,,,,,,,,
add select one prompt using yesno,child_1_16,Were there any bruises or signs of injury on the baby's body at birth? ,,yes,,,,,"selected(${stillbirth}, '1') and selected(${neonate}, '1')",,,,,,,,
add select one prompt using yesno,child_1_17,Was the baby's body (skin and tissue) pulpy? ,,yes,,,,,"selected(${stillbirth}, '1') and selected(${neonate}, '1')",,,,,,,,
add select one prompt using yesno,child_1_18,Was any part of the baby physically abnormal at time of delivery? ,,yes,,,,,"selected(${stillbirth}, '1') and selected(${neonate}, '1')",,,,,,"For example: body part too large or too small, additional growth on body.",,
add select multiple prompt using abnormalities,child_1_19,What were the abnormalities? (Mark all that apply),,yes,,"not((selected(., '8')) and count-selected(.) > 1) and not((selected(., '9')) and count-selected(.) > 1)",,,"selected(${child_1_18}, '1') and selected(${neonate}, '1')",,,,,,,,
add text prompt,child_1_19a,"What were the abnormalities? [other abnormality, specified]",,,,,,,"selected(${child_1_19}, '11')",,,,,,,,
,,,,,,,,,,,,,,,,,
begin group,ageIllnessStartDetails,Age Illness Started Details,,,,,,,"selected(${stillbirth}, '0')",,,,,,,,
add select one prompt using yearMonthDayNoAnswer,child_1_20,How old was the baby/child when the fatal illness started?,,yes,,,,,"selected(${stillbirth}, '0')",,,,,,"Less than 24 hours = 00 days. Enter age in days up to 28 days. Enter 29 days as 1 month. From 1-11 months, enter age in months. Enter 12 months as 1 year. From 1 year, enter age in years.",,
add integer prompt,child_1_20a,Days,,yes,,(0 <= . and (. <= ${agedays} or . <= ${UKagedaysN} or . <= ${UKagedaysC})) or . = 99,This answer is greater than how old the deceased is.,,"selected(${child_1_20}, '4')",,,,,,Enter 99 if unknown,,
add integer prompt,child_1_20b,Months,,yes,,(1 <= . and (. <= ${agemonths} or . <= ${UKagemonthsN} or . <= ${UKagemonthsC})) or . = 99,This answer is greater than how old the deceased is.,,"selected(${child_1_20}, '2')",,,,,,Enter 99 if unknown,,
add integer prompt,child_1_20c,Years,,yes,,(1 <= . and (. <= ${ageyears} or . <= ${UKageyearsN} or . <= ${UKageyearsC})) or . = 99,This answer is greater than how old the deceased is.,,"selected(${child_1_20}, '1')",,,,,,Enter 99 if unknown,,
end group,,,,,,,,,,,,,,,,,
,,,,,,,,,,,,,,,,,
begin group,illnessDurationDetails,Illness Duration Details,,,,,,,"selected(${stillbirth}, '0')",,,,,,,,
add select one prompt using monthDayNoAnswer,child_1_21,How long did the illness last? ,,yes,,,,,"selected(${stillbirth}, '0')",,,,,,"Less than 24 hours = 00 days. Enter duration in days up to 28 days. Enter 29 days as 1 month. From 1-11 months, enter duration of illness in months. Enter 12 months as 1 year. From 1 year, enter age in years.",,
add integer prompt,child_1_21a,Days,,yes,,(0 <= . and (. <= ${agedays} or . <= ${UKagedaysN} or . <= ${UKagedaysC})) or . = 99,This answer is greater than how old the deceased is.,,"selected(${child_1_21}, '4')",,,,,,Enter 99 if unknown,,
add integer prompt,child_1_21b,Months,,yes,,(1 <= . and (. <= ${agemonths} or . <= ${UKagemonthsN} or . <= ${UKagemonthsC})) or . = 999,This answer is greater than how old the deceased is.,,"selected(${child_1_21}, '2')",,,,,,Enter 99 if unknown,,
end group,,,,,,,,,,,,,,,,,
,,,,,,,,,,,,,,,,,
calculate,child_1_25,How old was the deceased at the time of death?,,yes,,,,,"selected(${neonate},'1') or selected(${child},'1')",${gen_5_4},,,,,Use 1 month = 28 days to determine the number of months.,,
calculate,child_1_25a,Days,,yes,,,,,"selected(${child_1_25}, '4')",${gen_5_4c},,,,,Enter 99 if unknown,,
calculate,child_1_25b,Months,,yes,,,,,"selected(${child_1_25}, '2')",${gen_5_4b},,,,,Enter 99 if unknown,,
calculate,child_1_25c,Years,,yes,,,,,"selected(${child_1_25}, '1')",${gen_5_4a},,,,,Enter 99 if unknown,,
add calculate prompt,child_1_26,Mark the baby's age at the time of death,,yes,,,,,"selected(${neonate},'1') or selected(${child},'1')","if((selected(${neonate},'1')), '1', '2')",,,,,,,
,,,,,,,,,,,,,,,,,
add note prompt,child_2_a,Maternal History Section,,,,,,,"selected(${neonate}, '1') and selected(${stillbirth}, '0')",,,,,,,,
begin group,Child2,Maternal History Section,,,,,,,"selected(${neonate}, '1') and selected(${stillbirth}, '0')",,,,,,,,
add select multiple prompt using complications,child_2_1,"Was the late part of the pregnancy (defined as the last 3 months), labor, or delivery complicated by any of the following problems?",,yes,,"not((selected(., '99') or selected(., '88') or selected(., '10')) and count-selected(.) > 1)",,,,,,,,,"Read ""the mother"" if the mother is not the respondent.",,
,,,,,,,,,,,,,,,,,
add select one prompt using yesno,child_2_4,Was the baby moving in the last few days before the birth? ,,yes,,,,,,,,,,,,,
add select one prompt using waterColor,child_2_8,What was the color of the liquor when the water broke? ,,yes,,,,,,,,,,,,,
add text prompt,child_2_8a,"What was the color of the liquor when the water broke? [other location, specified]",,,,,,,"selected(${child_2_8}, '3')",,,,,,,,
add select one prompt using hourNoAnswer,child_2_10,How much time did the labor and delivery take?,,yes,,,,,,,,,,,Less than 1 hour= “0”.,,
add integer prompt,child_2_10a,Hours,,yes,,0 <= . and . <= 50 or . = 99,,,"selected(${child_2_10}, '5')",,,,,,Enter 99 if unknown,,
add select one prompt using birthWho,child_2_15,Who delivered the baby?,,yes,,,,,,,,,,,,,
add text prompt,child_2_15a,"Who delivered the baby? [other person, specified]",,,,,,,"selected(${child_2_15}, '6')",,,,,,,,
,,,,,,,,,,,,,,,,,
add select one prompt using deliveryType,child_2_17,Was the delivery … ? ,,yes,,,,,,,,,,,,,
end group,,,,,,,,,,,,,,,,,
,,,,,,,,,,,,,,,,,
,,,,,,,,,,,,,,,,,
add note prompt,child_3_a,Neonatal Deaths Section,,,,,,,"selected(${neonate}, '1') and selected(${stillbirth}, '0')",,,,,,,,
begin group,Child3,Neonatal Deaths Section,,,,,,,"selected(${neonate}, '1') and selected(${stillbirth}, '0')",,,,,,,,
add select one prompt using yesno,child_3_2,Was any part of the baby physically abnormal at time of delivery?,,yes,,,,,,,,,,,"For example: body part too large or too small, additional growth on body",,
add select multiple prompt using abnormalities,child_3_3,What were the abnormalities?  (Mark all that apply),,yes,,"not((selected(., '8')) and count-selected(.) > 1) and not((selected(., '9')) and count-selected(.) > 1)",,,"selected(${child_3_2}, '1')",,,,,,,,
add text prompt,child_3_3a,"What were the abnormalities? [other abnormality, specified]",,,,,,,"selected(${child_3_3}, '11')",,,,,,,,
add select one prompt using yesno,child_3_4,Did the baby breathe immediately after birth?,,yes,,,,,,,,,,,,,
add select one prompt using yesno,child_3_5,Did the baby have difficulty breathing?,,yes,,,,,"not(selected(${child_3_4}, '0'))",,,,,,,,
add select one prompt using yesno,child_3_6,Was anything done to try to help the baby breathe at birth? ,,yes,,,,,,,,,,,,,
add select one prompt using yesno,child_3_7,Did the baby cry immediately after birth? ,,yes,,,,,,,,,,,,,
add select one prompt using afterBirthCry,child_3_8,How long after birth did the baby first cry?  (MARK ONE),,yes,,,,,"not(selected(${child_3_7}, '1'))",,,,,,,,
add select one prompt using yesno,child_3_9,Did the baby stop being able to cry? ,,yes,,,,,"not(selected(${child_3_8}, '4'))",,,,,,,,
add select one prompt using yesno,child_3_11,Was the baby able to suckle in a normal way during the first day of life?,,yes,,,,,,,,,,,,,
add select one prompt using yesno,child_3_12,Did the baby ever suckle in a normal way? ,,yes,,,,,"not(selected(${child_3_11}, '1'))",,,,,,,,
,,,,,,,,,,,,,,,,,
add select one prompt using yesno,child_3_17,"During the illness that led to death, did the baby have difficult breathing? ",,yes,,,,,,,,,,,,,
add select one prompt using dayNoAnswer,child_3_19,For how many days did the difficult breathing last?,,yes,,,,,"selected(${child_3_17}, '1')",,,,,,Less than 1 day= “0”.,,
add integer prompt,child_3_19a,Days,,yes,,(0 <= . and (. <= ${agedays} or . <= ${UKagedaysN} or . <= ${UKagedaysC})) or . = 99,,,"selected(${child_3_19}, '4')",,,,,,Enter 99 if unknown,,
,,,,,,,,,,,,,,,,,
add select one prompt using yesno,child_3_20,"During the illness that led to death, did the baby have fast breathing? ",,yes,,,,,,,,,,,,,
add select one prompt using dayNoAnswer,child_3_22,For how many days did the fast breathing last? ,,yes,,,,,"selected(${child_3_20}, '1')",,,,,,Less than 1 day= “0”.,,
add integer prompt,child_3_22a,Days,,yes,,(0 <= . and (. <= ${agedays} or . <= ${UKagedaysN} or . <= ${UKagedaysC})) or . = 99,,,"selected(${child_3_22}, '4')",,,,,,Enter 99 if unknown,,
add select one prompt using yesno,child_3_23,"During the illness that led to death, did the baby have indrawing of the chest? (Show Photo)",,yes,,,,,,,chestIndrawing.jpg,chestIndrawing.jpg,,,Management of the Child with a Serious Infection or Severe Malnutrition ©WHO 2000,,
add select one prompt using yesno,child_3_29,"During the illness that led to death, did the baby become cold to touch?",,yes,,,,,,,,,,,,,
add select one prompt using dayNoAnswer,child_3_30,At what age did the baby start feeling cold to touch? ,,yes,,,,,"selected(${child_3_29}, '1')",,,,,,Less than 1 day= “0”.,,
add integer prompt,child_3_30a,Days,,yes,,(0 <= . and (. <= ${agedays} or . <= ${UKagedaysN} or . <= ${UKagedaysC})) or . = 99,,,"selected(${child_3_30}, '4')",,,,,,Enter 99 if unknown,,
add select one prompt using yesno,child_3_32,"During the illness that led to death, did the baby become lethargic, after a period of normal activity?",,yes,,,,,,,,,,,,,
add select one prompt using yesno,child_3_33,"During the illness that led to death, did the baby become unresponsive or unconscious? ",,yes,,,,,,,,,,,,,
add select one prompt using yesno,child_3_35,"During the illness that led to death, did the baby have pus drainage from the umbilical cord stump? ",,yes,,,,,,,,,,,,,
add select one prompt using yesno,child_3_40,"During the illness that led to death, did the baby have an area(s) of skin with redness and swelling?",,yes,,,,,,,,,,,,,
add select one prompt using yesno,child_3_47,"During the illness that led to death, did he/she have yellow skin?",,yes,,,,,,,,,,,,,
add select one prompt using yesno,child_3_49,Did the infant appear to be healthy and then just die suddenly? ,,yes,,,,,,,,,,,,,
end group,,,,,,,,,,,,,,,,,
,,,,,,,,,,,,,,,,,
add note prompt,child_4_a,Child Deaths Section,,,,,,,"selected(${child}, '1')",,,,,,,,
begin group,Child4,Child Deaths Section,,,,,,,"selected(${child}, '1')",,,,,,,,
add select one prompt using yesno,child_4_1,"During the illness that led to death, did he/she have a fever? ",,yes,,,,,,,,,,,,,
add select one prompt using feverDuration,child_4_2,How many days did the fever last?,,yes,,,,,"selected(${child_4_1}, '1')",,,,,,,,
add integer prompt,child_4_2a,Number of days (specify),,,,(0 <= . and (. <= ${agedays} or . <= ${UKagedaysN} or . <= ${UKagedaysC})) or . = 9999,,,"selected(${child_4_2}, '2')",,,,,,Enter 9999 if unknown,,
add select one prompt using yesno,child_4_3,Did the fever continue until death?,,yes,,,,,"selected(${child_4_1}, '1')",,,,,,,,
add select one prompt using severity,child_4_4,How severe was the fever?,,yes,,,,,"selected(${child_4_1}, '1') and  selected(${child_4_3}, '1')",,,,,,,,
,,,,,,,,,,,,,,,,,
add select one prompt using yesno,child_4_6,"During the illness that led to death, did ${gen_5_0} have more frequent loose or liquid stools than usual? ",,yes,,,,,,,,,,,,,
add select one prompt using stools,child_4_7,How many stools did ${gen_5_0} have on the day that loose liquid stools were most frequent?,,yes,,,,,"selected(${child_4_6}, '1')",,,,,,,,
add integer prompt,child_4_7a,Stools,,yes,,1 <= . and . <= 50 or . = 99,,,"selected(${child_4_7}, '1')",,,,,,Enter 99 if unknown,,
,,,,,,,,,,,,,,,,,
add select one prompt using yesno,child_4_9,Did the frequent loose or liquid stools continue until death?,,yes,,,,,"selected(${child_4_6}, '1')",,,,,,,,
,,,,,,,,,,,,,,,,,
add select one prompt using yesno,child_4_12,"During the illness that led to death, did the child have a cough?",,yes,,,,,,,,,,,,,
add select one prompt using dayNoAnswer,child_4_13,For how many days did the cough last?,,yes,,,,,"selected(${child_4_12}, '1')",,,,,,,,
add integer prompt,child_4_13a,Days,,,,(0 <= . and (. <= ${agedays} or . <= ${UKagedaysN} or . <= ${UKagedaysC})) or . = 9999,,,"selected(${child_4_13}, '4')",,,,,,Enter 9999 if unknown,,
add select one prompt using yesno,child_4_14,Was the cough very severe? ,,yes,,,,,"selected(${child_4_12}, '1')",,,,,,,,
,,,,,,,,,,,,,,,,,
add select one prompt using yesno,child_4_16,"During the illness that led to death, did ${gen_5_0} have difficult breathing?",,yes,,,,,,,,,,,,,
add select one prompt using dayNoAnswer,child_4_17,For how many days did the difficult breathing last? ,,yes,,,,,"selected(${child_4_16}, '1')",,,,,,,,
add integer prompt,child_4_17a,Days,,,,(0 <= . and (. <= ${agedays} or . <= ${UKagedaysN} or . <= ${UKagedaysC})) or . = 9999,,,"selected(${child_4_17}, '4')",,,,,,Enter 9999 if unknown,,
,,,,,,,,,,,,,,,,,
add select one prompt using yesno,child_4_18,"During the illness that led to death, did ${gen_5_0} have fast breathing? ",,yes,,,,,,,,,,,,,
add select one prompt using breathingNoAnswer,child_4_19,For how many days did the fast breathing last?,,yes,,,,,"selected(${child_4_18}, '1')",,,,,,,,
add integer prompt,child_4_19a,Days,,,,(0 <= . and (. <= ${agedays} or . <= ${UKagedaysN} or . <= ${UKagedaysC})) or . = 9999,,,"selected(${child_4_19}, '4')",,,,,,Enter 9999 if unknown,,
,,,,,,,,,,,,,,,,,
begin group,breathingdetails,Breathing Details,,,,,,,"not(selected(${child_4_16}, '0') and selected(${child_4_18}, '0'))",,,,,,,,
add select one prompt using yesno,child_4_20,"During the illness that led to death, did he/she have indrawing of the chest? ",,yes,,,,,,,chestIndrawing.jpg,chestIndrawing.jpg,,,,,
add select one prompt using yesno,child_4_23,Grunting,,yes,,,,,,,,,grunting.wav,grunting.wav,audio file provided courtesy of www.rale.ca,,
end group,,,,,,,,,,,,,,,,,
add select one prompt using yesno,child_4_25,Did ${gen_5_0} experience any generalized convulsions or fits during the illness that led to death? ,,yes,,,,,,,,,,,,,
add select one prompt using yesno,child_4_26,Was ${gen_5_0} unconscious during the illness that led to death?,,yes,,,,,,,,,,,,,
add select one prompt using unconstart,child_4_27,How long before death did unconsciousness start?,,yes,,,,,"selected(${child_4_26}, '1')",,,,,,,,
,,,,,,,,,,,,,,,,,
add select one prompt using yesno,child_4_28,Did ${gen_5_0} have a stiff neck during the illness that led to death? (show photo),,yes,,,,,,,tetanus.jpg,tetanus.jpg,,,,,
add select one prompt using yesno,child_4_29,Did ${gen_5_0} have a bulging fontanelle during the illness that led to death? (show photo),,yes,,,,,"${agedays} <= 540 or selected(${gen_5_4d},'2')",,bulgingFontanelle.jpg,bulgingFontanelle.jpg,,,,,
add select one prompt using yesno,child_4_30,"During the month before he/she died, did ${gen_5_0} have a skin rash? ",,yes,,,,,,,,,,,,,
add select one prompt using dayNoAnswer,child_4_33,How many days did the rash last?,,yes,,,,,"selected(${child_4_30}, '1')",,,,,,,,
add integer prompt,child_4_33a,Days,,yes,,(0 <= . and (. <= ${agedays} or . <= ${UKagedaysN} or . <= ${UKagedaysC})) or . = 9999,,,"selected(${child_4_33}, '4')",,,,,,Enter 9999 if unknown,,
,,,,,,,,,,,,,,,,,
add select one prompt using yesno,child_4_38,"During the illness that led to death, did ${gen_5_0}'s skin flake off in patches?",,yes,,,,,,,,,,,,,
add select one prompt using yesno,child_4_39,Did ${gen_5_0}'s hair change in color to a reddish or yellowish color?,,yes,,,,,,,,,,,,,
add select one prompt using yesno,child_4_40,Did ${gen_5_0} have a protruding belly?,,yes,,,,,,,,,,,,,
add select one prompt using yesno,child_4_41,"During the illness that led to death, did ${gen_5_0} suffer from 'lack of blood' or 'pallor'?",,yes,,,,,,,,,,,,,
add select one prompt using yesno,child_4_42,"During the illness that led to death, did ${gen_5_0} have swelling in the armpits?",,yes,,,,,,,,,,,,,
add select one prompt using yesno,child_4_44,"During the illness that led to death, did ${gen_5_0} bleed from anywhere?",,yes,,,,,,,,,,,,,
add select one prompt using yesno,child_4_46,"During the illness that led to death, did ${gen_5_0} have areas of the skin that turned black? ",,yes,,,,,,,,,,,,,
end group,,,,,,,,,,,,,,,,,
end group,,,,,,,,,,,,,,,,,
end group,,,,,,,,,,,,,,,,,
,,,,,,,,,,,,,,,,,
add note prompt,child_5_a,Health Records Section,,,,,,,"selected(${neonate}, '1') or selected(${child}, '1')",,,,,,,,
begin group,Child5,Health Records Section,,,,,,,"selected(${neonate}, '1') or selected(${child}, '1')",,,,,,,,
add select one prompt using yesno,child_5_0a,Did a health care worker tell you the cause of death?,,yes,,,,,,,,,,,,,
add text prompt,child_5_0b,What did the health care worker say?,,,,,,,"selected(${child_5_0a}, '1')",,,,,,,,
add select one prompt using yesno,child_5_1,Was care sought outside the home while ${gen_5_0} had this illness?,,yes,,,,,,,,,,,,,
add select multiple prompt using provider,child_5_2,Where or from whom did you seek care? (Check all that apply),,yes,,"not((selected(., '99') or selected(., '88')) and count-selected(.) > 1)",,,"selected(${child_5_1}, '1')",,,,,,,,
,,,,,,,,,,,,,,,,,
add text prompt,child_5_3,"Record the name and address of any hospital, health center or clinic where care was sought:",,yes,,,,,"selected(${child_5_1}, '1')",,,,,,,,
add select one prompt using yesno,child_5_4,Do you have any health records that belonged to the deceased? ,,yes,,,,,"selected(${child_5_1}, '1')",,,,,,,,
add select one prompt using yesno,child_5_5,Can I see the health records? ,,yes,,,,,"selected(${child_5_4}, '1')",,,,,,,,
add image prompt,child_5_5a,Take a picture of the health records,,,,,,,"selected(${child_5_5}, '1')",,,,,,,,
add image prompt,child_5_5b,Take a second picture of the health records if necessary.,,,,,,,"selected(${child_5_5}, '1')",,,,,,,,
,,,,,,,,,,,,,,,,,
add select multiple prompt using dates,child_5_6,Are the dates known for the two most recent visits and the last note? (Mark all that apply),,yes,,"not((selected(., '9')) and count-selected(.) > 1)",,,"selected(${child_5_5}, '1')",,,,,,,,
begin group,recent1Child,Most Recent Visit,,,field-list,,,,"selected(${child_5_6}, '1')",,,,,,,,
add note prompt,child_5_6a,Record the date of the most recent visit,,,,,,,,,,,,,,,
add integer prompt,child_5_6b,Year,,yes,,1890 <= . or . = 9999,,,,,,,,,Enter Four Digit Year. Enter 9999 if unknown.,,
add integer prompt,child_5_6c,Month,,yes,,1 <= . and . <= 12 or . = 99,,,,,,,,,Enter Month (January == 1). Enter 99 if unknown.,,
add integer prompt,child_5_6d,Day of the month,,yes,,1 <= . and . <= 31 or . = 99,,,,,,,,,Enter Day between 1-31. Enter 99 if unknown.,,
end group,,,,,,,,,,,,,,,,,
,,,,,,,,,,,,,,,,,
add select one prompt using weightNoAnswer,child_5_6e,Record the weight on the most recent visit,,yes,,,,,"selected(${child_5_5}, '1')",,,,,,,,
add integer prompt,child_5_6f,Grams,,yes,,500 <= . and . <= 7000  or . = 9999,,,"selected(${child_5_6e}, '1')",,,,,,Enter 9999 if unknown,,
add decimal prompt,child_5_6g,Kilograms,,yes,,1  <= . and  . <= 200 or . = 999,,,"selected(${child_5_6e}, '2')",,,,,,Enter 999 if unknown,,
,,,,,,,,,,,,,,,,,
begin group,recent2Child,Second most recent visit,,,field-list,,,,"selected(${child_5_6}, '2')",,,,,,,,
add note prompt,child_5_7a,Record the date of the second most recent visit,,,,,,,,,,,,,,,
add integer prompt,child_5_7b,Year,,yes,,1890 <= . or . = 9999,,,,,,,,,Enter Four Digit Year. Enter 9999 if unknown.,,
add integer prompt,child_5_7c,Month,,yes,,1 <= . and . <= 12 or . = 99,,,,,,,,,Enter Month (January == 1). Enter 99 if unknown.,,
add integer prompt,child_5_7d,Day of the month,,yes,,1 <= . and . <= 31 or . = 99,,,,,,,,,Enter Day between 1-31. Enter 99 if unknown.,,
end group,,,,,,,,,,,,,,,,,
,,,,,,,,,,,,,,,,,
add select one prompt using weightNoAnswer,child_5_7e,Record the weight on the second most recent visit,,yes,,,,,"selected(${child_5_5}, '1')",,,,,,,,
add integer prompt,child_5_7f,Grams,,yes,,500 <= . and . <= 7000  or . = 9999,,,"selected(${child_5_7e}, '1')",,,,,,Enter 9999 if unknown,,
add decimal prompt,child_5_7g,Kilograms,,yes,,1  <= . and  . <= 200 or . = 999,,,"selected(${child_5_7e}, '2')",,,,,,Enter 999 if unknown,,
,,,,,,,,,,,,,,,,,
begin group,lastNoteChild,Last Note,,,field-list,,,,"selected(${child_5_6}, '3')",,,,,,,,
add note prompt,child_5_8,Record the date of the last note,,,,,,,,,,,,,,,
add integer prompt,child_5_8a,Year,,yes,,1890 <= . or . = 9999,,,,,,,,,Enter Four Digit Year. Enter 9999 if unknown.,,
add integer prompt,child_5_8b,Month,,yes,,1 <= . and . <= 12 or . = 99,,,,,,,,,Enter Month (January == 1). Enter 99 if unknown.,,
add integer prompt,child_5_8c,Day of the month,,yes,,1 <= . and . <= 31 or . = 99,,,,,,,,,Enter Day between 1-31. Enter 99 if unknown.,,
end group,,,,,,,,,,,,,,,,,
add text prompt,child_5_9,Transcribe the note:,,,,,,,"selected(${child_5_6}, '3')",,,,,,,,
,,,,,,,,,,,,,,,,,
,,,,,,,,,,,,,,,,,
begin group,qDeathCertsChild,Death Certificate Information,,,,,,,,,,,,,,,
add select one prompt using yesno,child_5_10,Was a death certificate issued?,,yes,,,,,,,,,,,,,
add select one prompt using yesnorefuse,child_5_11,Can I see the death certificate? ,,yes,,,,,"selected(${child_5_10}, '1')",,,,,,,,
add image prompt,child_5_11a,Take a picture of the death certificate,,,,,,,"selected(${child_5_11}, '1')",,,,,,,,
add image prompt,child_5_11ab,Take a second picture of the death certificate if necessary.,,,,,,,"selected(${child_5_11}, '1')",,,,,,,,
,,,,,,,,,,,,,,,,,
add select multiple prompt using certs,child_5_11b,Mark all Cause of Death information that is known,,yes,,"not((selected(., '9')) and count-selected(.) > 1)",,,"selected(${child_5_11}, '1')",,,,,,,,
add text prompt,child_5_12,Record the immediate cause of death from the certificate.,,,,,,,"selected(${child_5_11b}, '1')",,,,,,,,
add text prompt,child_5_13,Record the first underlying cause of death from the certificate.,,,,,,,"selected(${child_5_11b}, '2')",,,,,,,,
add text prompt,child_5_14,Record the second underlying cause of death from the certificate.,,,,,,,"selected(${child_5_11b}, '3')",,,,,,,,
add text prompt,child_5_15,Record the third underlying cause of death from the certificate.,,,,,,,"selected(${child_5_11b}, '4')",,,,,,,,
add text prompt,child_5_16,Record the contributing cause(s) of death from the certificate.,,,,,,,"selected(${child_5_11b}, '5')",,,,,,,,
end group,,,,,,,,,,,,,,,,,
,,,,,,,,,,,,,,,,,
begin group,HIVtest,HIV Testing Information,,,,,,,,,,,,,,,
add select one prompt using yesno,child_5_17,Has the deceased's (biological) mother ever been tested for HIV? ,,yes,,,,,"selected(${child}, '1') and not(selected(${child_4_47},'1'))",,,,,,,,
add select one prompt using yesno,child_5_18,Was the HIV test ever positive? ,,yes,,,,,"selected(${child_5_17}, '1')",,,,,,,,
add select one prompt using yesno,child_5_19,Has the deceased's (biological) mother ever been told she had AIDS by a health worker? ,,yes,,,,,"selected(${child}, '1') and not(selected(${child_4_47},'1'))",,,,,,,,
end group,,,,,,,,,,,,,,,,,
end group,,,,,,,,,,,,,,,,,
,,,,,,,,,,,,,,,,,
begin group,adult7,Open Ended Response and Interviewer Comments/Observations Section,,,,,,,"selected(${adult},'1')",,,,,,,,
add note prompt,adult_7_a,"Instructions to the interviewer: Say to the respondent: ""Thank you for the patient responses to this exhaustive set of questions. Could you please summarize, or tell us in your own words, any additional information about the illness and/or death of your loved one?""",,,,,,,,,,,,,,,
add note prompt,adult_7_b,"To the interviewer: Listen to what the respondent tells you in his/her own words. Do not prompt except for asking whether there was anything else after the respondent finishes. If the respondent mentions any of the following words, mark ""mentioned"".  Tell the respondent to stop and start again if they mention a word of interest, so you have time to mark it down.",,,,,,,,,,,,,,,
begin group,table_list_adult,Open-ended response words of interest,,,table-list,,,,,,,,,,,,
add select multiple prompt using mentioned,adult_7_1,Chronic Kidney Disease,,,,,,,,,,,,,,,
add select multiple prompt using mentioned,adult_7_2,Dialysis,,,,,,,,,,,,,,,
add select multiple prompt using mentioned,adult_7_3,Fever,,,,,,,,,,,,,,,
add select multiple prompt using mentioned,adult_7_4,Heart Attack (AMI),,,,,,,,,,,,,,,
add select multiple prompt using mentioned,adult_7_5,Heart Problems,,,,,,,,,,,,,,,
add select multiple prompt using mentioned,adult_7_6,Jaundice,,,,,,,,,,,,,,,
add select multiple prompt using mentioned,adult_7_7,Liver Failure,,,,,,,,,,,,,,,
add select multiple prompt using mentioned,adult_7_8,Malaria,,,,,,,,,,,,,,,
add select multiple prompt using mentioned,adult_7_9,Pneumonia,,,,,,,,,,,,,,,
add select multiple prompt using mentioned,adult_7_10,Renal (Kidney) Failure,,,,,,,,,,,,,,,
add select multiple prompt using mentioned,adult_7_11,Suicide,,,,,,,,,,,,,,,
,,,,,,,,,,,,,,,,,
end group,table_list_adult,,,,,,,,,,,,,,,,
add select one prompt using mentioned_confirm,adult_7_99,Confirm that no words of interest were used during the open response.,,,," selected(., '1')",Return and mark word of interest that was mentioned,,"(not(selected(${adult_7_1}, '1')) and not(selected(${adult_7_2}, '1')) and not(selected(${adult_7_3}, '1')) and not(selected(${adult_7_4}, '1')) and not(selected(${adult_7_5}, '1')) and not(selected(${adult_7_6}, '1')) and not(selected(${adult_7_7}, '1')) and not(selected(${adult_7_8}, '1')) and not(selected(${adult_7_9}, '1')) and not(selected(${adult_7_10}, '1')) and not(selected(${adult_7_11}, '1')))",,,,,,,,
end group,,,,,,,,,,,,,,,,,
,,,,,,,,,,,,,,,,,
begin group,child6,Open Ended Response and Interviewer Comments/Observations Section,,,,,,,"selected(${child},'1')",,,,,,,,
add note prompt,child_6_a,"Instructions to the interviewer: Say to the respondent: ""Thank you for the patient responses to this exhaustive set of questions. Could you please summarize, or tell us in your own words, any additional information about the illness and/or death of your loved one?""",,,,,,,,,,,,,,,
add note prompt,child_6_b,"To the interviewer: Listen to what the respondent tells you in his/her own words. Do not prompt except for asking whether there was anything else after the respondent finishes. If the respondent mentions any of the following words, mark ""mentioned"".  Tell the respondent to stop and start again if they mention a word of interest, so you have time to mark it down.",,,,,,,,,,,,,,,
begin group,table_list_child,Open-ended response words of interest,,,table-list,,,,,,,,,,,,
add select multiple prompt using mentioned,child_6_1,Abdomen,,,,,,,,,,,,,,,
add select multiple prompt using mentioned,child_6_2,Cancer,,,,,,,,,,,,,,,
add select multiple prompt using mentioned,child_6_3,Dehydration,,,,,,,,,,,,,,,
add select multiple prompt using mentioned,child_6_4,Dengue fever,,,,,,,,,,,,,,,
add select multiple prompt using mentioned,child_6_5,Diarrhea,,,,,,,,,,,,,,,
add select multiple prompt using mentioned,child_6_6,Fever,,,,,,,,,,,,,,,
add select multiple prompt using mentioned,child_6_7,Heart Problems,,,,,,,,,,,,,,,
add select multiple prompt using mentioned,child_6_8,Jaundice (yellow skin or eyes),,,,,,,,,,,,,,,
add select multiple prompt using mentioned,child_6_9,Pneumonia,,,,,,,,,,,,,,,
add select multiple prompt using mentioned,child_6_10,Rash,,,,,,,,,,,,,,,
,,,,,,,,,,,,,,,,,
end group,table_list_child,,,,,,,,,,,,,,,,
add select one prompt using mentioned_confirm,child_6_99,Confirm that no words of interest were used during the open response.,,,," selected(., '1')",Return and mark word of interest that was mentioned,,"(not(selected(${child_6_1}, '1')) and not(selected(${child_6_2}, '1')) and not(selected(${child_6_3}, '1')) and not(selected(${child_6_4}, '1')) and not(selected(${child_6_5}, '1')) and not(selected(${child_6_6}, '1')) and not(selected(${child_6_7}, '1')) and not(selected(${child_6_8}, '1')) and not(selected(${child_6_9}, '1')) and not(selected(${child_6_10}, '1')))",,,,,,,,
end group,,,,,,,,,,,,,,,,,
,,,,,,,,,,,,,,,,,
begin group,neonate6,Open Ended Response and Interviewer Comments/Observations Section,,,,,,,"selected(${neonate},'1')",,,,,,,,
add note prompt,neonate_6_a,"Instructions to the interviewer: Say to the respondent: ""Thank you for the patient responses to this exhaustive set of questions. Could you please summarize, or tell us in your own words, any additional information about the illness and/or death of your loved one?""",,,,,,,,,,,,,,,
add note prompt,neonate_6_b,"To the interviewer: Listen to what the respondent tells you in his/her own words. Do not prompt except for asking whether there was anything else after the respondent finishes. If the respondent mentions any of the following words, mark ""mentioned"".  Tell the respondent to stop and start again if they mention a word of interest, so you have time to mark it down.",,,,,,,,,,,,,,,
begin group,table_list_neonate,Open-ended response words of interest,,,table-list,,,,,,,,,,,,
add select multiple prompt using mentioned,neonate_6_1,Asphyxia (lack of oxygen),,,,,,,,,,,,,,,
add select multiple prompt using mentioned,neonate_6_2,Incubator,,,,,,,,,,,,,,,
add select multiple prompt using mentioned,neonate_6_3,Lung Problems,,,,,,,,,,,,,,,
add select multiple prompt using mentioned,neonate_6_4,Pneumonia,,,,,,,,,,,,,,,
add select multiple prompt using mentioned,neonate_6_5,Preterm Delivery,,,,,,,,,,,,,,,
add select multiple prompt using mentioned,neonate_6_6,Respiratory Distress,,,,,,,,,,,,,,,
,,,,,,,,,,,,,,,,,
end group,table_list_neonate,,,,,,,,,,,,,,,,
add select one prompt using mentioned_confirm,neonate_6_99,Confirm that no words of interest were used during the open response.,,,," selected(., '1')",Return and mark word of interest that was mentioned,,"(not(selected(${neonate_6_1}, '1')) and not(selected(${neonate_6_2}, '1')) and not(selected(${neonate_6_3}, '1')) and not(selected(${neonate_6_4}, '1')) and not(selected(${neonate_6_5}, '1')) and not(selected(${neonate_6_6}, '1')))",,,,,,,,
end group,end group,,,,,,,,,,,,,,,,
,,,,,,,,,,,,,,,,,
get end time,interviewendtime,End time of the Interview,,,,,,,,,,,,,,,
